{
  "resourceType": "CapabilityStatement",
  "id": "ISiKCapabilityStatementVitalSignICUSource",
  "url": "https://gematik.de/fhir/isik/CapabilityStatement/ISiKCapabilityStatementVitalSignICUSource",
  "status": "active",
  "experimental": false,
  "version": "4.0.1",
  "publisher": "gematik GmbH",
  "date": "2025-02-24",
  "implementationGuide": [
    "https://gematik.de/fhir/isik/ImplementationGuide/ISiK-Vitalparameter|4.0.1"
  ],
  "name": "ISiKCapabilityStatementVitalSignICUSource",
  "title": "ISiK CapabilityStatement Vitalparameter Server PDMS",
  "contact": [
    {
      "telecom": [
        {
          "system": "url",
          "value": "https://www.gematik.de"
        }
      ]
    }
  ],
  "description": "Das vorliegende CapabilityStatement beschreibt alle verpflichtenden Interaktionen die ein ISiK-konformes PDMS-System unterstützen muss um das Bestätigungsverfahren für das Modul Vitalparameter zu bestehen.",
  "jurisdiction": [
    {
      "coding": [
        {
          "code": "DE",
          "system": "urn:iso:std:iso:3166",
          "display": "Germany"
        }
      ]
    }
  ],
  "kind": "requirements",
  "fhirVersion": "4.0.1",
  "format": [
    "application/fhir+xml",
    "application/fhir+json"
  ],
  "instantiates": [
    "https://gematik.de/fhir/isik/CapabilityStatement/ISiKCapabilityStatementVitalSignICUSource"
  ],
  "rest": [
    {
      "mode": "server",
      "resource": [
        {
          "extension": [
            {
              "url": "http://hl7.org/fhir/StructureDefinition/capabilitystatement-expectation",
              "valueCode": "SHALL"
            }
          ],
          "type": "Observation",
          "supportedProfile": [
            "https://gematik.de/fhir/isik/StructureDefinition/ISiKAtemfrequenz",
            "https://gematik.de/fhir/isik/StructureDefinition/ISiKBlutdruckSystemischArteriell",
            "https://gematik.de/fhir/isik/StructureDefinition/ISiKHerzfrequenz",
            "https://gematik.de/fhir/isik/StructureDefinition/ISiKKoerpergewicht",
            "https://gematik.de/fhir/isik/StructureDefinition/ISiKKoerpergroesse",
            "https://gematik.de/fhir/isik/StructureDefinition/ISiKKoerpertemperatur",
            "https://gematik.de/fhir/isik/StructureDefinition/ISiKKopfumfang",
            "https://gematik.de/fhir/isik/StructureDefinition/ISiKSauerstoffsaettigungArteriell",
            "https://gematik.de/fhir/isik/StructureDefinition/ISiKGCS",
            "https://gematik.de/fhir/isik/StructureDefinition/ISiKEKG",
            "https://gematik.de/fhir/isik/StructureDefinition/sd-mii-icu-intrakranieller-druck-icp",
            "https://gematik.de/fhir/isik/StructureDefinition/sd-mii-icu-koerpergewicht-percentil-altersabhaengig",
            "https://gematik.de/fhir/isik/StructureDefinition/sd-mii-icu-koerpergroesse-percentil-altersabhaengig",
            "https://gematik.de/fhir/isik/StructureDefinition/sd-mii-icu-ideales-koerpergewicht",
            "https://gematik.de/fhir/isik/StructureDefinition/sd-mii-icu-o2saettigung-im-arteriellen-blut-durch-pulsoxymetrie",
            "https://gematik.de/fhir/isik/StructureDefinition/sd-mii-icu-puls",
            "https://gematik.de/fhir/isik/StructureDefinition/sd-mii-icu-koerpertemperatur-kern",
            "https://gematik.de/fhir/isik/StructureDefinition/sd-mii-icu-koerpertemperatur-gelenk",
            "https://gematik.de/fhir/isik/StructureDefinition/sd-mii-icu-koerpertemperatur-stirn",
            "https://gematik.de/fhir/isik/StructureDefinition/sd-mii-icu-koerpertemperatur-nasal",
            "https://gematik.de/fhir/isik/StructureDefinition/sd-mii-icu-koerpertemperatur-leiste",
            "https://gematik.de/fhir/isik/StructureDefinition/sd-mii-icu-koerpertemperatur-achsel",
            "https://gematik.de/fhir/isik/StructureDefinition/sd-mii-icu-koerpertemperatur-unter-der-zunge",
            "https://gematik.de/fhir/isik/StructureDefinition/sd-mii-icu-koerpertemperatur-vaginal",
            "https://gematik.de/fhir/isik/StructureDefinition/sd-mii-icu-koerpertemperatur-harnblase",
            "https://gematik.de/fhir/isik/StructureDefinition/sd-mii-icu-koerpertemperatur-rektal",
            "https://gematik.de/fhir/isik/StructureDefinition/sd-mii-icu-koerpertemperatur-trommelfell",
            "https://gematik.de/fhir/isik/StructureDefinition/sd-mii-icu-pulmonalarterieller-wedge-druck",
            "https://gematik.de/fhir/isik/StructureDefinition/sd-mii-icu-o2saettigung-im-blut-preduktal-durch-pulsoxymetrie",
            "https://gematik.de/fhir/isik/StructureDefinition/sd-mii-icu-o2saettigung-im-blut-postduktal-durch-pulsoxymetrie",
            "https://gematik.de/fhir/isik/StructureDefinition/sd-mii-icu-linksventrikulaeres-schlagvolumenindex",
            "https://gematik.de/fhir/isik/StructureDefinition/sd-mii-icu-linksventri-schlagvolumenindex-durch-indikatorverd",
            "https://gematik.de/fhir/isik/StructureDefinition/sd-mii-icu-linksventrikulaeres-schlagvolumen",
            "https://gematik.de/fhir/isik/StructureDefinition/sd-mii-icu-linksventri-schlagvolumen-durch-indikatorverduennung",
            "https://gematik.de/fhir/isik/StructureDefinition/sd-mii-icu-pulmonalvaskulaerer-widerstandsindex",
            "https://gematik.de/fhir/isik/StructureDefinition/sd-mii-icu-systemischer-vaskulaerer-widerstandsindex",
            "https://gematik.de/fhir/isik/StructureDefinition/sd-mii-icu-linksventrikulaerer-herzindex",
            "https://gematik.de/fhir/isik/StructureDefinition/sd-mii-icu-herzzeitvolumen",
            "https://gematik.de/fhir/isik/StructureDefinition/sd-mii-icu-linksventri-herzindex-durch-indikatorverduennung",
            "https://gematik.de/fhir/isik/StructureDefinition/sd-mii-icu-linksventri-herzzeitvolumen-durch-indikatorverd",
            "https://gematik.de/fhir/isik/StructureDefinition/sd-mii-icu-zentralvenoeser-blutdruck",
            "https://gematik.de/fhir/isik/StructureDefinition/sd-mii-icu-systemischer-vaskulaerer-widerstandsindex",
            "https://gematik.de/fhir/isik/StructureDefinition/sd-mii-icu-linksatrialer-druck",
            "https://gematik.de/fhir/isik/StructureDefinition/sd-mii-icu-rechtsatrialer-druck",
            "https://gematik.de/fhir/isik/StructureDefinition/sd-mii-icu-rechtsventrikulaerer-druck",
            "https://gematik.de/fhir/isik/StructureDefinition/sd-mii-icu-linksventrikulaerer-druck",
            "https://gematik.de/fhir/isik/StructureDefinition/sd-mii-icu-pulmonalarterieller-blutdruck",
            "https://gematik.de/fhir/isik/StructureDefinition/sd-mii-icu-koerpertemperatur-brustwirbelsaeule",
            "https://gematik.de/fhir/isik/StructureDefinition/sd-mii-icu-koerpertemperatur-lendenwirbelsaeule",
            "https://gematik.de/fhir/isik/StructureDefinition/sd-mii-icu-koerpertemperatur-halswirbelsaeule",
            "https://gematik.de/fhir/isik/StructureDefinition/sd-mii-icu-koerpertemperatur-brust",
            "https://gematik.de/fhir/isik/StructureDefinition/sd-mii-icu-koerpertemperatur-myokard",
            "https://gematik.de/fhir/isik/StructureDefinition/sd-mii-icu-koerpertemperatur-atemwege",
            "https://gematik.de/fhir/isik/StructureDefinition/sd-mii-icu-koerpertemperatur-blut",
            "https://gematik.de/fhir/isik/StructureDefinition/sd-mii-icu-koerpertemperatur-nasen-rachen-raum",
            "https://gematik.de/fhir/isik/StructureDefinition/sd-mii-icu-koerpertemperatur-speiseroehre",
            "https://gematik.de/fhir/isik/StructureDefinition/ISiKLaboruntersuchungSerumkreatinin",
            "https://gematik.de/fhir/isik/StructureDefinition/ISiKLaboruntersuchungPCT",
            "https://gematik.de/fhir/isik/StructureDefinition/ISiKLaboruntersuchungCRP",
            "https://gematik.de/fhir/isik/StructureDefinition/ISiKLaboruntersuchungHb",
            "https://gematik.de/fhir/isik/StructureDefinition/ISiKLaboruntersuchungTroponin",
            "https://gematik.de/fhir/isik/StructureDefinition/ISiKLaboruntersuchungGFR",
            "https://gematik.de/fhir/isik/StructureDefinition/ISiKLaboruntersuchungThrombozyten",
            "https://gematik.de/fhir/isik/StructureDefinition/ISiKLaboruntersuchungTSH"
          ],
          "_supportedProfile": [
            {
              "extension": [
                {
                  "url": "http://hl7.org/fhir/StructureDefinition/capabilitystatement-expectation",
                  "valueCode": "SHALL"
                }
              ]
            },
            {
              "extension": [
                {
                  "url": "http://hl7.org/fhir/StructureDefinition/capabilitystatement-expectation",
                  "valueCode": "SHALL"
                }
              ]
            },
            {
              "extension": [
                {
                  "url": "http://hl7.org/fhir/StructureDefinition/capabilitystatement-expectation",
                  "valueCode": "SHALL"
                }
              ]
            },
            {
              "extension": [
                {
                  "url": "http://hl7.org/fhir/StructureDefinition/capabilitystatement-expectation",
                  "valueCode": "SHALL"
                }
              ]
            },
            {
              "extension": [
                {
                  "url": "http://hl7.org/fhir/StructureDefinition/capabilitystatement-expectation",
                  "valueCode": "SHALL"
                }
              ]
            },
            {
              "extension": [
                {
                  "url": "http://hl7.org/fhir/StructureDefinition/capabilitystatement-expectation",
                  "valueCode": "SHALL"
                }
              ]
            },
            {
              "extension": [
                {
                  "url": "http://hl7.org/fhir/StructureDefinition/capabilitystatement-expectation",
                  "valueCode": "SHALL"
                }
              ]
            },
            {
              "extension": [
                {
                  "url": "http://hl7.org/fhir/StructureDefinition/capabilitystatement-expectation",
                  "valueCode": "SHALL"
                }
              ]
            },
            {
              "extension": [
                {
                  "url": "http://hl7.org/fhir/StructureDefinition/capabilitystatement-expectation",
                  "valueCode": "SHALL"
                }
              ]
            },
            {
              "extension": [
                {
                  "url": "http://hl7.org/fhir/StructureDefinition/capabilitystatement-expectation",
                  "valueCode": "MAY"
                }
              ]
            },
            {
              "extension": [
                {
                  "url": "http://hl7.org/fhir/StructureDefinition/capabilitystatement-expectation",
                  "valueCode": "SHALL"
                }
              ]
            },
            {
              "extension": [
                {
                  "url": "http://hl7.org/fhir/StructureDefinition/capabilitystatement-expectation",
                  "valueCode": "SHALL"
                }
              ]
            },
            {
              "extension": [
                {
                  "url": "http://hl7.org/fhir/StructureDefinition/capabilitystatement-expectation",
                  "valueCode": "SHALL"
                }
              ]
            },
            {
              "extension": [
                {
                  "url": "http://hl7.org/fhir/StructureDefinition/capabilitystatement-expectation",
                  "valueCode": "SHALL"
                }
              ]
            },
            {
              "extension": [
                {
                  "url": "http://hl7.org/fhir/StructureDefinition/capabilitystatement-expectation",
                  "valueCode": "SHALL"
                }
              ]
            },
            {
              "extension": [
                {
                  "url": "http://hl7.org/fhir/StructureDefinition/capabilitystatement-expectation",
                  "valueCode": "SHALL"
                }
              ]
            },
            {
              "extension": [
                {
                  "url": "http://hl7.org/fhir/StructureDefinition/capabilitystatement-expectation",
                  "valueCode": "SHALL"
                }
              ]
            },
            {
              "extension": [
                {
                  "url": "http://hl7.org/fhir/StructureDefinition/capabilitystatement-expectation",
                  "valueCode": "SHALL"
                }
              ]
            },
            {
              "extension": [
                {
                  "url": "http://hl7.org/fhir/StructureDefinition/capabilitystatement-expectation",
                  "valueCode": "SHALL"
                }
              ]
            },
            {
              "extension": [
                {
                  "url": "http://hl7.org/fhir/StructureDefinition/capabilitystatement-expectation",
                  "valueCode": "SHALL"
                }
              ]
            },
            {
              "extension": [
                {
                  "url": "http://hl7.org/fhir/StructureDefinition/capabilitystatement-expectation",
                  "valueCode": "SHALL"
                }
              ]
            },
            {
              "extension": [
                {
                  "url": "http://hl7.org/fhir/StructureDefinition/capabilitystatement-expectation",
                  "valueCode": "SHALL"
                }
              ]
            },
            {
              "extension": [
                {
                  "url": "http://hl7.org/fhir/StructureDefinition/capabilitystatement-expectation",
                  "valueCode": "SHALL"
                }
              ]
            },
            {
              "extension": [
                {
                  "url": "http://hl7.org/fhir/StructureDefinition/capabilitystatement-expectation",
                  "valueCode": "SHALL"
                }
              ]
            },
            {
              "extension": [
                {
                  "url": "http://hl7.org/fhir/StructureDefinition/capabilitystatement-expectation",
                  "valueCode": "SHALL"
                }
              ]
            },
            {
              "extension": [
                {
                  "url": "http://hl7.org/fhir/StructureDefinition/capabilitystatement-expectation",
                  "valueCode": "SHALL"
                }
              ]
            },
            {
              "extension": [
                {
                  "url": "http://hl7.org/fhir/StructureDefinition/capabilitystatement-expectation",
                  "valueCode": "SHALL"
                }
              ]
            },
            {
              "extension": [
                {
                  "url": "http://hl7.org/fhir/StructureDefinition/capabilitystatement-expectation",
                  "valueCode": "SHALL"
                }
              ]
            },
            {
              "extension": [
                {
                  "url": "http://hl7.org/fhir/StructureDefinition/capabilitystatement-expectation",
                  "valueCode": "SHALL"
                }
              ]
            },
            {
              "extension": [
                {
                  "url": "http://hl7.org/fhir/StructureDefinition/capabilitystatement-expectation",
                  "valueCode": "SHALL"
                }
              ]
            },
            {
              "extension": [
                {
                  "url": "http://hl7.org/fhir/StructureDefinition/capabilitystatement-expectation",
                  "valueCode": "SHALL"
                }
              ]
            },
            {
              "extension": [
                {
                  "url": "http://hl7.org/fhir/StructureDefinition/capabilitystatement-expectation",
                  "valueCode": "SHALL"
                }
              ]
            },
            {
              "extension": [
                {
                  "url": "http://hl7.org/fhir/StructureDefinition/capabilitystatement-expectation",
                  "valueCode": "SHALL"
                }
              ]
            },
            {
              "extension": [
                {
                  "url": "http://hl7.org/fhir/StructureDefinition/capabilitystatement-expectation",
                  "valueCode": "SHALL"
                }
              ]
            },
            {
              "extension": [
                {
                  "url": "http://hl7.org/fhir/StructureDefinition/capabilitystatement-expectation",
                  "valueCode": "SHALL"
                }
              ]
            },
            {
              "extension": [
                {
                  "url": "http://hl7.org/fhir/StructureDefinition/capabilitystatement-expectation",
                  "valueCode": "SHALL"
                }
              ]
            },
            {
              "extension": [
                {
                  "url": "http://hl7.org/fhir/StructureDefinition/capabilitystatement-expectation",
                  "valueCode": "SHALL"
                }
              ]
            },
            {
              "extension": [
                {
                  "url": "http://hl7.org/fhir/StructureDefinition/capabilitystatement-expectation",
                  "valueCode": "SHALL"
                }
              ]
            },
            {
              "extension": [
                {
                  "url": "http://hl7.org/fhir/StructureDefinition/capabilitystatement-expectation",
                  "valueCode": "SHALL"
                }
              ]
            },
            {
              "extension": [
                {
                  "url": "http://hl7.org/fhir/StructureDefinition/capabilitystatement-expectation",
                  "valueCode": "SHALL"
                }
              ]
            },
            {
              "extension": [
                {
                  "url": "http://hl7.org/fhir/StructureDefinition/capabilitystatement-expectation",
                  "valueCode": "SHALL"
                }
              ]
            },
            {
              "extension": [
                {
                  "url": "http://hl7.org/fhir/StructureDefinition/capabilitystatement-expectation",
                  "valueCode": "SHALL"
                }
              ]
            },
            {
              "extension": [
                {
                  "url": "http://hl7.org/fhir/StructureDefinition/capabilitystatement-expectation",
                  "valueCode": "SHALL"
                }
              ]
            },
            {
              "extension": [
                {
                  "url": "http://hl7.org/fhir/StructureDefinition/capabilitystatement-expectation",
                  "valueCode": "SHALL"
                }
              ]
            },
            {
              "extension": [
                {
                  "url": "http://hl7.org/fhir/StructureDefinition/capabilitystatement-expectation",
                  "valueCode": "SHALL"
                }
              ]
            },
            {
              "extension": [
                {
                  "url": "http://hl7.org/fhir/StructureDefinition/capabilitystatement-expectation",
                  "valueCode": "SHALL"
                }
              ]
            },
            {
              "extension": [
                {
                  "url": "http://hl7.org/fhir/StructureDefinition/capabilitystatement-expectation",
                  "valueCode": "SHALL"
                }
              ]
            },
            {
              "extension": [
                {
                  "url": "http://hl7.org/fhir/StructureDefinition/capabilitystatement-expectation",
                  "valueCode": "SHALL"
                }
              ]
            },
            {
              "extension": [
                {
                  "url": "http://hl7.org/fhir/StructureDefinition/capabilitystatement-expectation",
                  "valueCode": "SHALL"
                }
              ]
            },
            {
              "extension": [
                {
                  "url": "http://hl7.org/fhir/StructureDefinition/capabilitystatement-expectation",
                  "valueCode": "SHALL"
                }
              ]
            },
            {
              "extension": [
                {
                  "url": "http://hl7.org/fhir/StructureDefinition/capabilitystatement-expectation",
                  "valueCode": "SHALL"
                }
              ]
            },
            {
              "extension": [
                {
                  "url": "http://hl7.org/fhir/StructureDefinition/capabilitystatement-expectation",
                  "valueCode": "SHALL"
                }
              ]
            },
            {
              "extension": [
                {
                  "url": "http://hl7.org/fhir/StructureDefinition/capabilitystatement-expectation",
                  "valueCode": "SHALL"
                }
              ]
            },
            {
              "extension": [
                {
                  "url": "http://hl7.org/fhir/StructureDefinition/capabilitystatement-expectation",
                  "valueCode": "SHALL"
                }
              ]
            },
            {
              "extension": [
                {
                  "url": "http://hl7.org/fhir/StructureDefinition/capabilitystatement-expectation",
                  "valueCode": "SHALL"
                }
              ]
            },
            {
              "extension": [
                {
                  "url": "http://hl7.org/fhir/StructureDefinition/capabilitystatement-expectation",
                  "valueCode": "SHALL"
                }
              ]
            },
            {
              "extension": [
                {
                  "url": "http://hl7.org/fhir/StructureDefinition/capabilitystatement-expectation",
                  "valueCode": "SHALL"
                }
              ]
            },
            {
              "extension": [
                {
                  "url": "http://hl7.org/fhir/StructureDefinition/capabilitystatement-expectation",
                  "valueCode": "SHALL"
                }
              ]
            },
            {
              "extension": [
                {
                  "url": "http://hl7.org/fhir/StructureDefinition/capabilitystatement-expectation",
                  "valueCode": "SHALL"
                }
              ]
            },
            {
              "extension": [
                {
                  "url": "http://hl7.org/fhir/StructureDefinition/capabilitystatement-expectation",
                  "valueCode": "SHALL"
                }
              ]
            },
            {
              "extension": [
                {
                  "url": "http://hl7.org/fhir/StructureDefinition/capabilitystatement-expectation",
                  "valueCode": "SHALL"
                }
              ]
            },
            {
              "extension": [
                {
                  "url": "http://hl7.org/fhir/StructureDefinition/capabilitystatement-expectation",
                  "valueCode": "SHALL"
                }
              ]
            },
            {
              "extension": [
                {
                  "url": "http://hl7.org/fhir/StructureDefinition/capabilitystatement-expectation",
                  "valueCode": "SHALL"
                }
              ]
            },
            {
              "extension": [
                {
                  "url": "http://hl7.org/fhir/StructureDefinition/capabilitystatement-expectation",
                  "valueCode": "SHALL"
                }
              ]
            }
          ],
          "interaction": [
            {
              "extension": [
                {
                  "url": "http://hl7.org/fhir/StructureDefinition/capabilitystatement-expectation",
                  "valueCode": "SHALL"
                }
              ],
              "code": "read"
            },
            {
              "extension": [
                {
                  "url": "http://hl7.org/fhir/StructureDefinition/capabilitystatement-expectation",
                  "valueCode": "SHALL"
                }
              ],
              "code": "search-type"
            }
          ],
          "searchParam": [
            {
              "extension": [
                {
                  "url": "http://hl7.org/fhir/StructureDefinition/capabilitystatement-expectation",
                  "valueCode": "SHALL"
                }
              ],
              "name": "_id",
              "definition": "http://hl7.org/fhir/SearchParameter/resource[=]-id",
              "type": "token"
            },
            {
              "extension": [
                {
                  "url": "http://hl7.org/fhir/StructureDefinition/capabilitystatement-expectation",
                  "valueCode": "SHALL"
                }
              ],
              "name": "category",
              "definition": "http://hl7.org/fhir/SearchParameter/Observation-category",
              "type": "token"
            },
            {
              "extension": [
                {
                  "url": "http://hl7.org/fhir/StructureDefinition/capabilitystatement-expectation",
                  "valueCode": "SHALL"
                }
              ],
              "name": "status",
              "definition": "http://hl7.org/fhir/SearchParameter/Observation-status",
              "type": "token"
            },
            {
              "extension": [
                {
                  "url": "http://hl7.org/fhir/StructureDefinition/capabilitystatement-expectation",
                  "valueCode": "SHALL"
                }
              ],
              "name": "date",
              "definition": "http://hl7.org/fhir/SearchParameter/clinical-date",
              "type": "date"
            },
            {
              "extension": [
                {
                  "url": "http://hl7.org/fhir/StructureDefinition/capabilitystatement-expectation",
                  "valueCode": "SHALL"
                }
              ],
              "name": "code",
              "definition": "http://hl7.org/fhir/SearchParameter/clinical-code",
              "type": "token"
            },
            {
              "extension": [
                {
                  "url": "http://hl7.org/fhir/StructureDefinition/capabilitystatement-expectation",
                  "valueCode": "SHALL"
                }
              ],
              "name": "patient",
              "definition": "http://hl7.org/fhir/SearchParameter/clinical-patient",
              "type": "reference"
            },
            {
              "extension": [
                {
                  "url": "http://hl7.org/fhir/StructureDefinition/capabilitystatement-expectation",
                  "valueCode": "MAY"
                }
              ],
              "name": "subject",
              "definition": "http://hl7.org/fhir/SearchParameter/Observation-subject",
              "type": "reference"
            },
            {
              "extension": [
                {
                  "url": "http://hl7.org/fhir/StructureDefinition/capabilitystatement-expectation",
                  "valueCode": "SHALL"
                }
              ],
              "name": "encounter",
              "definition": "http://hl7.org/fhir/SearchParameter/clinical-encounter",
              "type": "reference"
            },
            {
              "extension": [
                {
                  "url": "http://hl7.org/fhir/StructureDefinition/capabilitystatement-expectation",
                  "valueCode": "SHALL"
                }
              ],
              "name": "combo-code",
              "definition": "http://hl7.org/fhir/SearchParameter/Observation-combo-code",
              "type": "token"
            },
            {
              "extension": [
                {
                  "url": "http://hl7.org/fhir/StructureDefinition/capabilitystatement-expectation",
                  "valueCode": "SHALL"
                }
              ],
              "name": "combo-code-value-quantity",
              "definition": "http://hl7.org/fhir/SearchParameter/Observation-combo-code-value-quantity",
              "type": "composite"
            },
            {
              "extension": [
                {
                  "url": "http://hl7.org/fhir/StructureDefinition/capabilitystatement-expectation",
                  "valueCode": "SHALL"
                }
              ],
              "name": "component-code",
              "definition": "http://hl7.org/fhir/SearchParameter/Observation-component-code",
              "type": "token"
            }
          ]
        }
      ]
    }
  ]
}
