{
  "resourceType": "Observation",
  "id": "Koerpertemperatur-rektal",
  "meta": {
    "profile": [
      "https://gematik.de/fhir/isik/StructureDefinition/sd-mii-icu-koerpertemperatur-rektal"
    ]
  },
  "category": [
    {
      "coding": [
        {
          "code": "vital-signs",
          "system": "http://terminology.hl7.org/CodeSystem/observation-category"
        }
      ]
    }
  ],
  "code": {
    "coding": [
      {
        "code": "307047009",
        "system": "http://snomed.info/sct",
        "display": "Core body temperature measured in rectum (observable entity)"
      },
      {
        "code": "8332-9",
        "system": "http://loinc.org",
        "display": "Rectal temperature"
      },
      {
        "code": "188420",
        "system": "urn:iso:std:iso:11073:10101",
        "display": "Rectal temperature"
      }
    ]
  },
  "valueQuantity": {
    "system": "http://unitsofmeasure.org",
    "code": "Cel",
    "unit": "degree Celsius",
    "value": 37
  },
  "bodySite": {
    "coding": [
      {
        "code": "34402009",
        "system": "http://snomed.info/sct",
        "display": "Rectum structure (body structure)"
      }
    ]
  },
  "status": "final",
  "subject": {
    "reference": "Patient/PatientinMusterfrau"
  },
  "effectivePeriod": {
    "start": "2019-12-23T09:30:10+01:00",
    "end": "2019-12-23T10:30:10+01:00"
  }
}
