{
  "resourceType": "Observation",
  "id": "Puls",
  "meta": {
    "profile": [
      "https://gematik.de/fhir/isik/StructureDefinition/sd-mii-icu-puls"
    ]
  },
  "category": [
    {
      "coding": [
        {
          "code": "vital-signs",
          "system": "http://terminology.hl7.org/CodeSystem/observation-category"
        }
      ]
    }
  ],
  "valueQuantity": {
    "system": "http://unitsofmeasure.org",
    "unit": "beats per minute",
    "value": 70,
    "code": "/min"
  },
  "code": {
    "coding": [
      {
        "code": "8499008",
        "system": "http://snomed.info/sct",
        "display": "Pulse, function (observable entity)"
      },
      {
        "code": "149514",
        "system": "urn:iso:std:iso:11073:10101",
        "display": "Pulse rate"
      }
    ]
  },
  "status": "final",
  "subject": {
    "reference": "Patient/202"
  },
  "effectivePeriod": {
    "start": "2019-12-23T09:30:10+01:00",
    "end": "2019-12-23T10:30:10+01:00"
  }
}
