{
  "resourceType": "StructureDefinition",
  "id": "sd-mii-icu-linksventrikulaerer-herzindex",
  "url": "https://gematik.de/fhir/isik/StructureDefinition/sd-mii-icu-linksventrikulaerer-herzindex",
  "version": "4.0.1",
  "name": "SD_MII_ICU_Linksventrikulaerer_Herzindex",
  "title": "SD MII ICU Linksventrikulaerer Herzindex",
  "status": "active",
  "experimental": false,
  "date": "2025-02-24",
  "publisher": "gematik GmbH",
  "fhirVersion": "4.0.1",
  "kind": "resource",
  "abstract": false,
  "type": "Observation",
  "baseDefinition": "https://gematik.de/fhir/isik/StructureDefinition/sd-mii-icu-monitoring-und-vitaldaten",
  "derivation": "constraint",
  "differential": {
    "element": [
      {
        "id": "Observation.code.coding",
        "path": "Observation.code.coding",
        "min": 3
      },
      {
        "id": "Observation.code.coding:sct",
        "path": "Observation.code.coding",
        "sliceName": "sct",
        "min": 1,
        "max": "1",
        "patternCoding": {
          "code": "54993008",
          "system": "http://snomed.info/sct"
        }
      },
      {
        "id": "Observation.code.coding:loinc",
        "path": "Observation.code.coding",
        "sliceName": "loinc",
        "min": 1,
        "max": "1",
        "patternCoding": {
          "code": "75919-1",
          "system": "http://loinc.org"
        }
      },
      {
        "id": "Observation.code.coding:IEEE-11073",
        "path": "Observation.code.coding",
        "sliceName": "IEEE-11073",
        "min": 1,
        "max": "1",
        "patternCoding": {
          "code": "149772",
          "system": "urn:iso:std:iso:11073:10101"
        }
      },
      {
        "id": "Observation.value[x]",
        "path": "Observation.value[x]",
        "patternQuantity": {
          "system": "http://unitsofmeasure.org",
          "unit": "liter per minute and square meter"
        }
      },
      {
        "id": "Observation.value[x].unit",
        "path": "Observation.value[x].unit",
        "min": 1
      },
      {
        "id": "Observation.value[x].code",
        "path": "Observation.value[x].code",
        "binding": {
          "strength": "required",
          "valueSet": "https://gematik.de/fhir/isik/ValueSet/vs-mii-icu-unit-equivalent-ucum-l-per-minute-and-squaremeter"
        }
      },
      {
        "id": "Observation.bodySite",
        "path": "Observation.bodySite",
        "patternCodeableConcept": {
          "coding": [
            {
              "code": "87878005",
              "system": "http://snomed.info/sct"
            }
          ]
        }
      }
    ]
  }
}
