{
  "resourceType": "StructureDefinition",
  "id": "ISiKCoding",
  "url": "https://gematik.de/fhir/isik/StructureDefinition/ISiKCoding",
  "version": "4.0.1",
  "name": "ISiKCoding",
  "title": "ISiKCoding",
  "status": "active",
  "experimental": false,
  "date": "2025-02-24",
  "publisher": "gematik GmbH",
  "description": "Data Type profile for Codings in ISiK",
  "fhirVersion": "4.0.1",
  "kind": "complex-type",
  "abstract": false,
  "type": "Coding",
  "baseDefinition": "http://hl7.org/fhir/StructureDefinition/Coding",
  "derivation": "constraint",
  "differential": {
    "element": [
      {
        "id": "Coding.system",
        "path": "Coding.system",
        "min": 1,
        "mustSupport": true
      },
      {
        "id": "Coding.code",
        "path": "Coding.code",
        "min": 1,
        "mustSupport": true
      },
      {
        "id": "Coding.display",
        "path": "Coding.display",
        "mustSupport": true
      }
    ]
  }
}
