{
  "resourceType": "StructureDefinition",
  "id": "sd-mii-icu-koerpertemperatur-kern",
  "url": "https://gematik.de/fhir/isik/StructureDefinition/sd-mii-icu-koerpertemperatur-kern",
  "version": "4.0.1",
  "name": "SD_MII_ICU_Koerpertemperatur_Kern",
  "title": "SD MII ICU Koerpertemperatur Kern",
  "status": "active",
  "experimental": false,
  "date": "2025-02-24",
  "publisher": "gematik GmbH",
  "fhirVersion": "4.0.1",
  "kind": "resource",
  "abstract": false,
  "type": "Observation",
  "baseDefinition": "https://gematik.de/fhir/isik/StructureDefinition/sd-mii-icu-koerpertemperatur-generisch",
  "derivation": "constraint",
  "differential": {
    "element": [
      {
        "id": "Observation.code.coding",
        "path": "Observation.code.coding",
        "min": 4
      },
      {
        "id": "Observation.code.coding:sct",
        "path": "Observation.code.coding",
        "sliceName": "sct",
        "min": 1,
        "max": "1",
        "patternCoding": {
          "code": "276885007",
          "system": "http://snomed.info/sct"
        }
      },
      {
        "id": "Observation.code.coding:loinc",
        "path": "Observation.code.coding",
        "sliceName": "loinc",
        "min": 1,
        "max": "1",
        "patternCoding": {
          "code": "8329-5",
          "system": "http://loinc.org"
        }
      },
      {
        "id": "Observation.code.coding:IEEE-11073",
        "path": "Observation.code.coding",
        "sliceName": "IEEE-11073",
        "min": 1,
        "max": "1",
        "patternCoding": {
          "code": "150368",
          "system": "urn:iso:std:iso:11073:10101"
        }
      },
      {
        "id": "Observation.code.coding:loinc-fhir-core",
        "path": "Observation.code.coding",
        "sliceName": "loinc-fhir-core",
        "min": 1,
        "max": "1",
        "patternCoding": {
          "code": "8310-5",
          "system": "http://loinc.org"
        },
        "mustSupport": true
      },
      {
        "id": "Observation.code.coding:loinc-fhir-core.system",
        "path": "Observation.code.coding.system",
        "min": 1,
        "mustSupport": true
      },
      {
        "id": "Observation.code.coding:loinc-fhir-core.code",
        "path": "Observation.code.coding.code",
        "min": 1,
        "mustSupport": true
      }
    ]
  }
}
