{
  "resourceType": "StructureDefinition",
  "id": "sd-mii-icu-sonstige-pulsatile-druecke-generisch",
  "url": "https://gematik.de/fhir/isik/StructureDefinition/sd-mii-icu-sonstige-pulsatile-druecke-generisch",
  "version": "4.0.1",
  "name": "SD_MII_ICU_Sonstige_Pulsatile_Druecke_Generisch",
  "title": "SD MII ICU Sonstige pulsatile Druecke Generisch",
  "status": "active",
  "experimental": false,
  "date": "2025-02-24",
  "publisher": "gematik GmbH",
  "fhirVersion": "4.0.1",
  "kind": "resource",
  "abstract": false,
  "type": "Observation",
  "baseDefinition": "http://hl7.org/fhir/StructureDefinition/Observation",
  "derivation": "constraint",
  "differential": {
    "element": [
      {
        "id": "Observation.identifier",
        "path": "Observation.identifier",
        "mustSupport": true
      },
      {
        "id": "Observation.basedOn",
        "path": "Observation.basedOn",
        "max": "1"
      },
      {
        "id": "Observation.status",
        "path": "Observation.status",
        "comment": "Motivation MS: Observation.status ist bereits durch die Kardinalität der Basisklasse Observation erzwungen. Dieses Feld dient der Präzisierung des Status der Untersuchung",
        "mustSupport": true
      },
      {
        "id": "Observation.category",
        "path": "Observation.category",
        "mustSupport": true
      },
      {
        "id": "Observation.code",
        "path": "Observation.code",
        "mustSupport": true
      },
      {
        "id": "Observation.code.coding",
        "path": "Observation.code.coding",
        "slicing": {
          "discriminator": [
            {
              "type": "pattern",
              "path": "$this"
            }
          ],
          "rules": "open"
        },
        "min": 2,
        "mustSupport": true
      },
      {
        "id": "Observation.code.coding.system",
        "path": "Observation.code.coding.system",
        "min": 1,
        "mustSupport": true
      },
      {
        "id": "Observation.code.coding.code",
        "path": "Observation.code.coding.code",
        "min": 1,
        "mustSupport": true
      },
      {
        "id": "Observation.code.coding.display",
        "path": "Observation.code.coding.display",
        "mustSupport": true
      },
      {
        "id": "Observation.code.coding:sct-generic",
        "path": "Observation.code.coding",
        "sliceName": "sct-generic",
        "min": 1,
        "max": "1",
        "patternCoding": {
          "code": "75367002",
          "system": "http://snomed.info/sct"
        },
        "mustSupport": true
      },
      {
        "id": "Observation.code.coding:sct",
        "path": "Observation.code.coding",
        "sliceName": "sct",
        "min": 1,
        "max": "1",
        "mustSupport": true
      },
      {
        "id": "Observation.subject",
        "path": "Observation.subject",
        "mustSupport": true
      },
      {
        "id": "Observation.encounter",
        "path": "Observation.encounter",
        "mustSupport": true
      },
      {
        "id": "Observation.effective[x]",
        "path": "Observation.effective[x]",
        "mustSupport": true
      },
      {
        "id": "Observation.performer",
        "path": "Observation.performer",
        "comment": "Motivation MS: Dieses Feld stellt eine präzisierende Angaben zum Zweck der Qualitätsbewertung bereit",
        "mustSupport": true
      },
      {
        "id": "Observation.value[x]",
        "path": "Observation.value[x]",
        "max": "0",
        "mustSupport": true
      },
      {
        "id": "Observation.dataAbsentReason",
        "path": "Observation.dataAbsentReason",
        "max": "0",
        "mustSupport": true
      },
      {
        "id": "Observation.interpretation",
        "path": "Observation.interpretation",
        "mustSupport": true
      },
      {
        "id": "Observation.bodySite",
        "path": "Observation.bodySite",
        "mustSupport": true,
        "binding": {
          "strength": "extensible",
          "valueSet": "https://gematik.de/fhir/isik/ValueSet/vs-mii-icu-bodysite-observation-blutdruck",
          "description": "Codes describing anatomical locations. May include laterality. Subset of ValueSet for Monitoring und Vitaldaten."
        }
      },
      {
        "id": "Observation.method",
        "path": "Observation.method",
        "mustSupport": true,
        "binding": {
          "strength": "extensible",
          "valueSet": "https://gematik.de/fhir/isik/ValueSet/vs-mii-icu-method-observation-blutdruck"
        }
      },
      {
        "id": "Observation.method.coding",
        "path": "Observation.method.coding",
        "mustSupport": true
      },
      {
        "id": "Observation.method.coding.system",
        "path": "Observation.method.coding.system",
        "mustSupport": true
      },
      {
        "id": "Observation.method.coding.code",
        "path": "Observation.method.coding.code",
        "mustSupport": true
      },
      {
        "id": "Observation.device",
        "path": "Observation.device",
        "mustSupport": true
      },
      {
        "id": "Observation.referenceRange",
        "path": "Observation.referenceRange",
        "max": "0",
        "mustSupport": true
      },
      {
        "id": "Observation.component",
        "path": "Observation.component",
        "slicing": {
          "discriminator": [
            {
              "type": "pattern",
              "path": "code"
            }
          ],
          "rules": "open"
        },
        "mustSupport": true
      },
      {
        "id": "Observation.component.code",
        "path": "Observation.component.code",
        "mustSupport": true
      },
      {
        "id": "Observation.component:SystolicBP",
        "path": "Observation.component",
        "sliceName": "SystolicBP",
        "min": 0,
        "max": "1",
        "constraint": [
          {
            "key": "vs-de-3",
            "human": "If there is no value a data absent reason must be present",
            "source": "https://gematik.de/fhir/isik/StructureDefinition/sd-mii-icu-sonstige-pulsatile-druecke-generisch",
            "severity": "error",
            "expression": "value.exists() xor dataAbsentReason.exists()"
          }
        ],
        "mustSupport": true
      },
      {
        "id": "Observation.component:SystolicBP.code",
        "path": "Observation.component.code",
        "patternCodeableConcept": {
          "coding": [
            {
              "code": "8480-6",
              "system": "http://loinc.org"
            }
          ]
        }
      },
      {
        "id": "Observation.component:SystolicBP.code.coding",
        "path": "Observation.component.code.coding",
        "slicing": {
          "discriminator": [
            {
              "type": "pattern",
              "path": "$this"
            }
          ],
          "rules": "open"
        },
        "min": 1,
        "mustSupport": true
      },
      {
        "id": "Observation.component:SystolicBP.code.coding:loinc",
        "path": "Observation.component.code.coding",
        "sliceName": "loinc",
        "min": 1,
        "max": "1",
        "patternCoding": {
          "code": "8480-6",
          "system": "http://loinc.org"
        },
        "mustSupport": true
      },
      {
        "id": "Observation.component:SystolicBP.code.coding:loinc.system",
        "path": "Observation.component.code.coding.system",
        "min": 1,
        "mustSupport": true
      },
      {
        "id": "Observation.component:SystolicBP.code.coding:loinc.code",
        "path": "Observation.component.code.coding.code",
        "min": 1,
        "mustSupport": true
      },
      {
        "id": "Observation.component:SystolicBP.code.coding:loinc.display",
        "path": "Observation.component.code.coding.display",
        "mustSupport": true
      },
      {
        "id": "Observation.component:SystolicBP.code.coding:sct",
        "path": "Observation.component.code.coding",
        "sliceName": "sct",
        "min": 0,
        "max": "1",
        "patternCoding": {
          "code": "271649006",
          "system": "http://snomed.info/sct"
        },
        "mustSupport": true
      },
      {
        "id": "Observation.component:SystolicBP.code.coding:sct.system",
        "path": "Observation.component.code.coding.system",
        "min": 1,
        "mustSupport": true
      },
      {
        "id": "Observation.component:SystolicBP.code.coding:sct.code",
        "path": "Observation.component.code.coding.code",
        "min": 1,
        "mustSupport": true
      },
      {
        "id": "Observation.component:SystolicBP.code.coding:sct.display",
        "path": "Observation.component.code.coding.display",
        "mustSupport": true
      },
      {
        "id": "Observation.component:SystolicBP.code.coding:IEEE-11073",
        "path": "Observation.component.code.coding",
        "sliceName": "IEEE-11073",
        "min": 0,
        "max": "*",
        "patternCoding": {
          "system": "urn:iso:std:iso:11073:10101"
        },
        "mustSupport": true
      },
      {
        "id": "Observation.component:SystolicBP.code.coding:IEEE-11073.system",
        "path": "Observation.component.code.coding.system",
        "min": 1,
        "mustSupport": true
      },
      {
        "id": "Observation.component:SystolicBP.code.coding:IEEE-11073.code",
        "path": "Observation.component.code.coding.code",
        "min": 1,
        "mustSupport": true
      },
      {
        "id": "Observation.component:SystolicBP.code.coding:IEEE-11073.display",
        "path": "Observation.component.code.coding.display",
        "mustSupport": true
      },
      {
        "id": "Observation.component:SystolicBP.value[x]",
        "path": "Observation.component.value[x]",
        "type": [
          {
            "code": "Quantity"
          }
        ],
        "patternQuantity": {
          "code": "mm[Hg]",
          "system": "http://unitsofmeasure.org",
          "unit": "millimeter Mercury column"
        },
        "mustSupport": true
      },
      {
        "id": "Observation.component:SystolicBP.value[x].value",
        "path": "Observation.component.value[x].value",
        "min": 1,
        "mustSupport": true
      },
      {
        "id": "Observation.component:SystolicBP.value[x].unit",
        "path": "Observation.component.value[x].unit",
        "min": 1,
        "mustSupport": true
      },
      {
        "id": "Observation.component:SystolicBP.value[x].system",
        "path": "Observation.component.value[x].system",
        "min": 1,
        "mustSupport": true
      },
      {
        "id": "Observation.component:SystolicBP.value[x].code",
        "path": "Observation.component.value[x].code",
        "min": 1,
        "mustSupport": true
      },
      {
        "id": "Observation.component:SystolicBP.dataAbsentReason",
        "path": "Observation.component.dataAbsentReason",
        "mustSupport": true
      },
      {
        "id": "Observation.component:DiastolicBP",
        "path": "Observation.component",
        "sliceName": "DiastolicBP",
        "min": 0,
        "max": "1",
        "constraint": [
          {
            "key": "vs-de-3",
            "human": "If there is no value a data absent reason must be present",
            "source": "https://gematik.de/fhir/isik/StructureDefinition/sd-mii-icu-sonstige-pulsatile-druecke-generisch",
            "severity": "error",
            "expression": "value.exists() xor dataAbsentReason.exists()"
          }
        ],
        "mustSupport": true
      },
      {
        "id": "Observation.component:DiastolicBP.code",
        "path": "Observation.component.code",
        "patternCodeableConcept": {
          "coding": [
            {
              "code": "8462-4",
              "system": "http://loinc.org"
            }
          ]
        }
      },
      {
        "id": "Observation.component:DiastolicBP.code.coding",
        "path": "Observation.component.code.coding",
        "slicing": {
          "discriminator": [
            {
              "type": "pattern",
              "path": "$this"
            }
          ],
          "rules": "open"
        },
        "min": 1,
        "mustSupport": true
      },
      {
        "id": "Observation.component:DiastolicBP.code.coding:loinc",
        "path": "Observation.component.code.coding",
        "sliceName": "loinc",
        "min": 1,
        "max": "1",
        "patternCoding": {
          "code": "8462-4",
          "system": "http://loinc.org"
        },
        "mustSupport": true
      },
      {
        "id": "Observation.component:DiastolicBP.code.coding:loinc.system",
        "path": "Observation.component.code.coding.system",
        "min": 1,
        "mustSupport": true
      },
      {
        "id": "Observation.component:DiastolicBP.code.coding:loinc.code",
        "path": "Observation.component.code.coding.code",
        "min": 1,
        "mustSupport": true
      },
      {
        "id": "Observation.component:DiastolicBP.code.coding:loinc.display",
        "path": "Observation.component.code.coding.display",
        "mustSupport": true
      },
      {
        "id": "Observation.component:DiastolicBP.code.coding:sct",
        "path": "Observation.component.code.coding",
        "sliceName": "sct",
        "min": 0,
        "max": "1",
        "patternCoding": {
          "code": "271650006",
          "system": "http://snomed.info/sct"
        },
        "mustSupport": true
      },
      {
        "id": "Observation.component:DiastolicBP.code.coding:sct.system",
        "path": "Observation.component.code.coding.system",
        "min": 1,
        "mustSupport": true
      },
      {
        "id": "Observation.component:DiastolicBP.code.coding:sct.code",
        "path": "Observation.component.code.coding.code",
        "min": 1,
        "mustSupport": true
      },
      {
        "id": "Observation.component:DiastolicBP.code.coding:sct.display",
        "path": "Observation.component.code.coding.display",
        "mustSupport": true
      },
      {
        "id": "Observation.component:DiastolicBP.code.coding:IEEE-11073",
        "path": "Observation.component.code.coding",
        "sliceName": "IEEE-11073",
        "min": 0,
        "max": "*",
        "patternCoding": {
          "system": "urn:iso:std:iso:11073:10101"
        },
        "mustSupport": true
      },
      {
        "id": "Observation.component:DiastolicBP.code.coding:IEEE-11073.system",
        "path": "Observation.component.code.coding.system",
        "min": 1,
        "mustSupport": true
      },
      {
        "id": "Observation.component:DiastolicBP.code.coding:IEEE-11073.code",
        "path": "Observation.component.code.coding.code",
        "min": 1,
        "mustSupport": true
      },
      {
        "id": "Observation.component:DiastolicBP.code.coding:IEEE-11073.display",
        "path": "Observation.component.code.coding.display",
        "mustSupport": true
      },
      {
        "id": "Observation.component:DiastolicBP.value[x]",
        "path": "Observation.component.value[x]",
        "type": [
          {
            "code": "Quantity"
          }
        ],
        "patternQuantity": {
          "code": "mm[Hg]",
          "system": "http://unitsofmeasure.org",
          "unit": "millimeter Mercury column"
        },
        "mustSupport": true
      },
      {
        "id": "Observation.component:DiastolicBP.value[x].value",
        "path": "Observation.component.value[x].value",
        "min": 1,
        "mustSupport": true
      },
      {
        "id": "Observation.component:DiastolicBP.value[x].unit",
        "path": "Observation.component.value[x].unit",
        "min": 1,
        "mustSupport": true
      },
      {
        "id": "Observation.component:DiastolicBP.value[x].system",
        "path": "Observation.component.value[x].system",
        "min": 1,
        "mustSupport": true
      },
      {
        "id": "Observation.component:DiastolicBP.value[x].code",
        "path": "Observation.component.value[x].code",
        "min": 1,
        "mustSupport": true
      },
      {
        "id": "Observation.component:DiastolicBP.dataAbsentReason",
        "path": "Observation.component.dataAbsentReason",
        "mustSupport": true
      },
      {
        "id": "Observation.component:meanBP",
        "path": "Observation.component",
        "sliceName": "meanBP",
        "min": 0,
        "max": "1",
        "constraint": [
          {
            "key": "vs-de-3",
            "human": "If there is no value a data absent reason must be present",
            "source": "https://gematik.de/fhir/isik/StructureDefinition/sd-mii-icu-sonstige-pulsatile-druecke-generisch",
            "severity": "error",
            "expression": "value.exists() xor dataAbsentReason.exists()"
          }
        ],
        "mustSupport": true
      },
      {
        "id": "Observation.component:meanBP.code",
        "path": "Observation.component.code",
        "patternCodeableConcept": {
          "coding": [
            {
              "code": "8478-0",
              "system": "http://loinc.org"
            }
          ]
        }
      },
      {
        "id": "Observation.component:meanBP.code.coding",
        "path": "Observation.component.code.coding",
        "slicing": {
          "discriminator": [
            {
              "type": "pattern",
              "path": "$this"
            }
          ],
          "rules": "open"
        },
        "min": 1,
        "mustSupport": true
      },
      {
        "id": "Observation.component:meanBP.code.coding:loinc",
        "path": "Observation.component.code.coding",
        "sliceName": "loinc",
        "min": 1,
        "max": "1",
        "patternCoding": {
          "code": "8478-0",
          "system": "http://loinc.org"
        },
        "mustSupport": true
      },
      {
        "id": "Observation.component:meanBP.code.coding:loinc.system",
        "path": "Observation.component.code.coding.system",
        "min": 1,
        "mustSupport": true
      },
      {
        "id": "Observation.component:meanBP.code.coding:loinc.code",
        "path": "Observation.component.code.coding.code",
        "min": 1,
        "mustSupport": true
      },
      {
        "id": "Observation.component:meanBP.code.coding:loinc.display",
        "path": "Observation.component.code.coding.display",
        "mustSupport": true
      },
      {
        "id": "Observation.component:meanBP.code.coding:sct",
        "path": "Observation.component.code.coding",
        "sliceName": "sct",
        "min": 0,
        "max": "1",
        "patternCoding": {
          "code": "6797001",
          "system": "http://snomed.info/sct"
        },
        "mustSupport": true
      },
      {
        "id": "Observation.component:meanBP.code.coding:sct.system",
        "path": "Observation.component.code.coding.system",
        "min": 1,
        "mustSupport": true
      },
      {
        "id": "Observation.component:meanBP.code.coding:sct.code",
        "path": "Observation.component.code.coding.code",
        "min": 1,
        "mustSupport": true
      },
      {
        "id": "Observation.component:meanBP.code.coding:sct.display",
        "path": "Observation.component.code.coding.display",
        "mustSupport": true
      },
      {
        "id": "Observation.component:meanBP.code.coding:IEEE-11073",
        "path": "Observation.component.code.coding",
        "sliceName": "IEEE-11073",
        "min": 0,
        "max": "*",
        "patternCoding": {
          "system": "urn:iso:std:iso:11073:10101"
        },
        "mustSupport": true
      },
      {
        "id": "Observation.component:meanBP.code.coding:IEEE-11073.system",
        "path": "Observation.component.code.coding.system",
        "min": 1,
        "mustSupport": true
      },
      {
        "id": "Observation.component:meanBP.code.coding:IEEE-11073.code",
        "path": "Observation.component.code.coding.code",
        "min": 1,
        "mustSupport": true
      },
      {
        "id": "Observation.component:meanBP.code.coding:IEEE-11073.display",
        "path": "Observation.component.code.coding.display",
        "mustSupport": true
      },
      {
        "id": "Observation.component:meanBP.value[x]",
        "path": "Observation.component.value[x]",
        "type": [
          {
            "code": "Quantity"
          }
        ],
        "patternQuantity": {
          "code": "mm[Hg]",
          "system": "http://unitsofmeasure.org",
          "unit": "millimeter Mercury column"
        },
        "mustSupport": true
      },
      {
        "id": "Observation.component:meanBP.value[x].value",
        "path": "Observation.component.value[x].value",
        "min": 1,
        "mustSupport": true
      },
      {
        "id": "Observation.component:meanBP.value[x].unit",
        "path": "Observation.component.value[x].unit",
        "min": 1,
        "mustSupport": true
      },
      {
        "id": "Observation.component:meanBP.value[x].system",
        "path": "Observation.component.value[x].system",
        "min": 1,
        "mustSupport": true
      },
      {
        "id": "Observation.component:meanBP.value[x].code",
        "path": "Observation.component.value[x].code",
        "min": 1,
        "mustSupport": true
      }
    ]
  }
}
