{
  "resourceType": "StructureDefinition",
  "id": "sd-mii-icu-linksventrikulaerer-druck",
  "url": "https://gematik.de/fhir/isik/StructureDefinition/sd-mii-icu-linksventrikulaerer-druck",
  "version": "4.0.1",
  "name": "SD_MII_ICU_Linksventrikulaerer_Druck",
  "title": "SD MII ICU Linksventrikulaerer Druck",
  "status": "active",
  "experimental": false,
  "date": "2025-02-24",
  "publisher": "gematik GmbH",
  "fhirVersion": "4.0.1",
  "kind": "resource",
  "abstract": false,
  "type": "Observation",
  "baseDefinition": "https://gematik.de/fhir/isik/StructureDefinition/sd-mii-icu-sonstige-pulsatile-druecke-generisch",
  "derivation": "constraint",
  "differential": {
    "element": [
      {
        "id": "Observation.category",
        "path": "Observation.category",
        "patternCodeableConcept": {
          "coding": [
            {
              "code": "vital-signs",
              "system": "http://terminology.hl7.org/CodeSystem/observation-category"
            }
          ]
        }
      },
      {
        "id": "Observation.code.coding",
        "path": "Observation.code.coding",
        "min": 3,
        "max": "3"
      },
      {
        "id": "Observation.code.coding:sct",
        "path": "Observation.code.coding",
        "sliceName": "sct",
        "patternCoding": {
          "code": "276769008",
          "system": "http://snomed.info/sct"
        }
      },
      {
        "id": "Observation.code.coding:IEEE11073",
        "path": "Observation.code.coding",
        "sliceName": "IEEE11073",
        "min": 1,
        "max": "1",
        "patternCoding": {
          "code": "150100",
          "system": "urn:iso:std:iso:11073:10101"
        }
      },
      {
        "id": "Observation.component:SystolicBP",
        "path": "Observation.component",
        "sliceName": "SystolicBP"
      },
      {
        "id": "Observation.component:SystolicBP.code.coding:IEEE-11073",
        "path": "Observation.component.code.coding",
        "sliceName": "IEEE-11073",
        "patternCoding": {
          "code": "150101",
          "system": "urn:iso:std:iso:11073:10101"
        }
      },
      {
        "id": "Observation.component:SystolicBP.code.coding:loinc-detailed",
        "path": "Observation.component.code.coding",
        "sliceName": "loinc-detailed",
        "min": 0,
        "max": "1",
        "patternCoding": {
          "code": "8430-1",
          "system": "http://loinc.org"
        }
      },
      {
        "id": "Observation.component:SystolicBP.code.coding:sct-detailed",
        "path": "Observation.component.code.coding",
        "sliceName": "sct-detailed",
        "min": 0,
        "max": "1",
        "patternCoding": {
          "code": "276780008",
          "system": "http://snomed.info/sct"
        }
      },
      {
        "id": "Observation.component:DiastolicBP",
        "path": "Observation.component",
        "sliceName": "DiastolicBP"
      },
      {
        "id": "Observation.component:DiastolicBP.code.coding:IEEE-11073",
        "path": "Observation.component.code.coding",
        "sliceName": "IEEE-11073",
        "patternCoding": {
          "code": "150102",
          "system": "urn:iso:std:iso:11073:10101"
        }
      },
      {
        "id": "Observation.component:DiastolicBP.code.coding:loinc-detailed",
        "path": "Observation.component.code.coding",
        "sliceName": "loinc-detailed",
        "min": 0,
        "max": "1",
        "patternCoding": {
          "code": "8375-8",
          "system": "http://loinc.org"
        }
      },
      {
        "id": "Observation.component:meanBP",
        "path": "Observation.component",
        "sliceName": "meanBP"
      },
      {
        "id": "Observation.component:meanBP.code.coding:IEEE-11073",
        "path": "Observation.component.code.coding",
        "sliceName": "IEEE-11073",
        "patternCoding": {
          "code": "150103",
          "system": "urn:iso:std:iso:11073:10101"
        }
      },
      {
        "id": "Observation.component:meanBP.code.coding:loinc-detailed",
        "path": "Observation.component.code.coding",
        "sliceName": "loinc-detailed",
        "min": 0,
        "max": "1",
        "patternCoding": {
          "code": "8404-6",
          "system": "http://loinc.org"
        }
      }
    ]
  }
}
