{
  "resourceType": "StructureDefinition",
  "id": "sd-mii-icu-koerpertemperatur-generisch",
  "url": "https://gematik.de/fhir/isik/StructureDefinition/sd-mii-icu-koerpertemperatur-generisch",
  "version": "4.0.1",
  "name": "SD_MII_ICU_Koerpertemperatur_Generisch",
  "title": "SD MII ICU Koerpertemperatur Generisch",
  "status": "active",
  "experimental": false,
  "date": "2025-02-24",
  "publisher": "gematik GmbH",
  "fhirVersion": "4.0.1",
  "kind": "resource",
  "abstract": false,
  "type": "Observation",
  "baseDefinition": "https://gematik.de/fhir/isik/StructureDefinition/sd-mii-icu-monitoring-und-vitaldaten",
  "derivation": "constraint",
  "differential": {
    "element": [
      {
        "id": "Observation.code.coding:sct",
        "path": "Observation.code.coding",
        "sliceName": "sct",
        "patternCoding": {
          "system": "http://snomed.info/sct"
        }
      },
      {
        "id": "Observation.code.coding:loinc",
        "path": "Observation.code.coding",
        "sliceName": "loinc",
        "patternCoding": {
          "system": "http://loinc.org"
        }
      },
      {
        "id": "Observation.code.coding:IEEE-11073",
        "path": "Observation.code.coding",
        "sliceName": "IEEE-11073",
        "patternCoding": {
          "system": "urn:iso:std:iso:11073:10101"
        }
      },
      {
        "id": "Observation.value[x]",
        "path": "Observation.value[x]",
        "patternQuantity": {
          "code": "Cel",
          "system": "http://unitsofmeasure.org",
          "unit": "degree Celsius"
        }
      },
      {
        "id": "Observation.value[x].unit",
        "path": "Observation.value[x].unit",
        "min": 1
      }
    ]
  }
}
