{
  "resourceType": "StructureDefinition",
  "id": "sd-mii-icu-linksventri-herzzeitvolumen-durch-indikatorverd",
  "url": "https://gematik.de/fhir/isik/StructureDefinition/sd-mii-icu-linksventri-herzzeitvolumen-durch-indikatorverd",
  "version": "4.0.1",
  "name": "SD_MII_ICU_Linksventrikulaeres_Herzzeitvolumen_Durch_Indikatorverduennung",
  "title": "SD MII ICU Linksventrikulaeres Herzzeitvolumen Durch Indikatorverduennung",
  "status": "active",
  "experimental": false,
  "date": "2025-02-24",
  "publisher": "gematik GmbH",
  "fhirVersion": "4.0.1",
  "kind": "resource",
  "abstract": false,
  "type": "Observation",
  "baseDefinition": "https://gematik.de/fhir/isik/StructureDefinition/sd-mii-icu-monitoring-und-vitaldaten",
  "derivation": "constraint",
  "differential": {
    "element": [
      {
        "id": "Observation.code.coding:sct",
        "path": "Observation.code.coding",
        "sliceName": "sct",
        "max": "0",
        "patternCoding": {
          "system": "http://snomed.info/sct"
        }
      },
      {
        "id": "Observation.code.coding:loinc",
        "path": "Observation.code.coding",
        "sliceName": "loinc",
        "min": 1,
        "max": "1",
        "patternCoding": {
          "code": "8737-9",
          "system": "http://loinc.org"
        }
      },
      {
        "id": "Observation.code.coding:IEEE-11073",
        "path": "Observation.code.coding",
        "sliceName": "IEEE-11073",
        "max": "0",
        "patternCoding": {
          "system": "urn:iso:std:iso:11073:10101"
        }
      },
      {
        "id": "Observation.value[x]",
        "path": "Observation.value[x]",
        "patternQuantity": {
          "unit": "liter per minute"
        }
      },
      {
        "id": "Observation.value[x].unit",
        "path": "Observation.value[x].unit",
        "min": 1
      },
      {
        "id": "Observation.value[x].code",
        "path": "Observation.value[x].code",
        "binding": {
          "strength": "required",
          "valueSet": "https://gematik.de/fhir/isik/ValueSet/vs-mii-icu-unit-equivalent-ucum-l-per-minute"
        }
      }
    ]
  }
}
