{
  "resourceType": "ValueSet",
  "status": "active",
  "name": "VS_MII_ICU_Unit_equivalent_UCUM_dyn_s_cm5_m2",
  "id": "vs-mii-icu-unit-equivalent-ucum-dyn-s-cm5-m2",
  "title": "VS MII ICU Unit equivalent UCUM dyn and s per cm^5 and squaremeter",
  "description": "Dieses ValueSet enthält äquivalente Codes für dyn.s/cm5/m2.",
  "version": "4.0.1",
  "url": "https://gematik.de/fhir/isik/ValueSet/vs-mii-icu-unit-equivalent-ucum-dyn-s-cm5-m2",
  "experimental": false,
  "publisher": "gematik GmbH",
  "date": "2025-02-24",
  "compose": {
    "include": [
      {
        "system": "http://unitsofmeasure.org",
        "concept": [
          {
            "code": "dyn.s/(cm5.m2)"
          },
          {
            "code": "(dyn.s)/(cm5.m2)"
          },
          {
            "code": "dyn.s/cm5/m2"
          },
          {
            "code": "(dyn.s)/cm5/m2"
          }
        ]
      }
    ]
  }
}
