{
  "resourceType": "ValueSet",
  "status": "active",
  "name": "VS_MII_ICU_Unit_equivalent_UCUM_L_per_minute_and_squaremeter",
  "id": "vs-mii-icu-unit-equivalent-ucum-l-per-minute-and-squaremeter",
  "title": "VS MII ICU Unit equivalent UCUM L per minute and squaremeter",
  "description": "Dieses ValueSet enthält äquivalente Codes für Volumen pro Zeit und Körperoberfläche",
  "version": "4.0.1",
  "url": "https://gematik.de/fhir/isik/ValueSet/vs-mii-icu-unit-equivalent-ucum-l-per-minute-and-squaremeter",
  "experimental": false,
  "publisher": "gematik GmbH",
  "date": "2025-02-24",
  "compose": {
    "include": [
      {
        "system": "http://unitsofmeasure.org",
        "concept": [
          {
            "code": "L/min/m2"
          },
          {
            "code": "l/min/m2"
          },
          {
            "code": "L/(min.m2)"
          },
          {
            "code": "l/(min.m2)"
          }
        ]
      }
    ]
  }
}
